"phoneme_group_str","waic_model3","waic_model4","loo_model3","loo_model4"
"Vowels_Level1_Level2",2327.50935260703,2410.20407582776,2305.37815687171,2390.32585988905
"Vowels_Level4_Level5",2275.95988801644,2419.16345571565,2258.7442081176,2408.1938165995
"Vowels_Level3",1361.63511184971,2152.12001748468,1359.90695016766,2142.58838945036
"Consonants_Level3",1389.90518571646,1605.21893282718,1384.94316100193,1593.46567454931
"Consonants_Level4",1959.62376738548,2231.87125088608,1951.04565728823,2211.14873562152
"Consonants_Level5",1965.55647212977,2026.97981848705,1947.6574808964,2003.92575368065
"Consonants_Level6",3111.38372771592,3407.23759081128,3105.37017289327,3394.91951711436
