"phoneme_group_str","waic_model0","waic_model1","waic_model2","loo_model0","loo_model1","loo_model2"
"Vowels_Level1_Level2",2394.02552032124,2373.84902769339,2182.93907654762,2373.75815248422,2352.80039811462,2156.42622541802
"Vowels_Level4_Level5",2415.27501571398,2411.31868456748,2164.97302411595,2404.44966585461,2399.88699220524,2109.84385715881
"Vowels_Level3",2146.5985844995,2144.04452273382,1872.45638739037,2136.24206331686,2134.15399972025,1847.26672537228
"Consonants_Level3",1599.61101226522,1597.39252789034,1463.83007292672,1587.48465803318,1585.60972610824,1454.60732842026
"Consonants_Level4",2229.39685393917,2221.43907504131,1130.13513961742,2206.7204335488,2199.82601484147,1091.62951463002
"Consonants_Level5",2021.03276904436,2010.64348456708,1736.18295425615,1997.36371456992,1986.80409896578,1705.22867865958
"Consonants_Level6",3405.19403997432,3407.23224944102,3022.61694827884,3393.30282530028,3395.30847235015,3015.96629682909
