"phoneme_group_str","waic_model3","waic_model4","waic_model5","waic_model6","loo_model3","loo_model4","loo_model5","loo_model6"
"Vowels_Level1_Level2",2431.63634960522,2410.20407582776,2409.32143526982,2409.49867087043,2411.42898947186,2390.32585988905,2389.02916967858,2389.72871112808
"Vowels_Level4_Level5",2425.69407254013,2419.16345571565,2418.57785482033,2419.23143466411,2413.76198653295,2408.1938165995,2407.91250690459,2408.43021869737
"Vowels_Level3",2155.32972120753,2152.12001748468,2152.90395049102,2153.34866662578,2145.94137779074,2142.58838945036,2143.19739771505,2144.00002517722
"Consonants_Level3",1604.75882327125,1605.21893282718,1605.15856491899,1604.67215674217,1593.56643571578,1593.46567454931,1593.87602954305,1593.53714581564
"Consonants_Level5",2033.31335605313,2026.97981848705,2026.75983190979,2025.86764795519,2010.87210228833,2003.92575368065,2003.32232503868,2002.9060101664
"Consonants_Level4",NA,2231.87125088608,2232.16519547958,2232.3927328732,NA,2211.14873562152,2210.56029474277,2208.69110262859
"Consonants_Level6",NA,3407.23759081128,3407.83984464716,3407.53746621143,NA,3394.91951711436,3395.59802356936,3395.50569026362
